{"flutter":{"platforms":{"android":{"default":{"projectId":"fir-app-18649","appId":"1:598957117549:android:62855bb1e36014e0aeef64","fileOutput":"android/app/google-services.json"}},"dart":{"lib/firebase_options.dart":{"projectId":"fir-app-18649","configurations":{"android":"1:598957117549:android:62855bb1e36014e0aeef64","ios":"1:598957117549:ios:905cfd5ee7bd490aaeef64","macos":"1:598957117549:ios:905cfd5ee7bd490aaeef64","web":"1:598957117549:web:67c35e29dfee984faeef64","windows":"1:598957117549:web:3ae02922690ca3d7aeef64"}}}}}}