{
  "project_info": {
    "project_number": "598957117549",
    "project_id": "fir-app-18649",
    "storage_bucket": "fir-app-18649.firebasestorage.app"
  },
  "client": [
    {
      "client_info": {
        "mobilesdk_app_id": "1:598957117549:android:62855bb1e36014e0aeef64",
        "android_client_info": {
          "package_name": "com.example.firebase_app"
        }
      },
      "oauth_client": [],
      "api_key": [
        {
          "current_key": "AIzaSyDHKnfMjeHt5_yOp34kzAMrYWCsY4BbEyI"
        }
      ],
      "services": {
        "appinvite_service": {
          "other_platform_oauth_client": []
        }
      }
    }
  ],
  "configuration_version": "1"
}